HITId,HITTypeId,Title,Description,Keywords,Reward,CreationTime,MaxAssignments,RequesterAnnotation,AssignmentDurationInSeconds,AutoApprovalDelayInSeconds,Expiration,NumberOfSimilarHITs,LifetimeInSeconds,AssignmentId,WorkerId,AssignmentStatus,AcceptTime,SubmitTime,AutoApprovalTime,ApprovalTime,RejectionTime,RequesterFeedback,WorkTimeInSeconds,LifetimeApprovalRate,Last30DaysApprovalRate,Last7DaysApprovalRate,Input.img,Input.truck_name,Answer.FoodItem1,Answer.FoodItem10,Answer.FoodItem11,Answer.FoodItem12,Answer.FoodItem13,Answer.FoodItem14,Answer.FoodItem15,Answer.FoodItem16,Answer.FoodItem17,Answer.FoodItem18,Answer.FoodItem19,Answer.FoodItem2,Answer.FoodItem20,Answer.FoodItem21,Answer.FoodItem22,Answer.FoodItem23,Answer.FoodItem24,Answer.FoodItem25,Answer.FoodItem26,Answer.FoodItem27,Answer.FoodItem28,Answer.FoodItem29,Answer.FoodItem3,Answer.FoodItem30,Answer.FoodItem4,Answer.FoodItem5,Answer.FoodItem6,Answer.FoodItem7,Answer.FoodItem8,Answer.FoodItem9,Answer.Price1,Answer.Price10,Answer.Price11,Answer.Price12,Answer.Price13,Answer.Price14,Answer.Price15,Answer.Price16,Answer.Price17,Answer.Price18,Answer.Price19,Answer.Price2,Answer.Price20,Answer.Price21,Answer.Price22,Answer.Price23,Answer.Price24,Answer.Price25,Answer.Price26,Answer.Price27,Answer.Price28,Answer.Price29,Answer.Price3,Answer.Price30,Answer.Price4,Answer.Price5,Answer.Price6,Answer.Price7,Answer.Price8,Answer.Price9,Answer.Truck_Name,Approve,Reject
3MZ3TAMYTLEP4BB37TY9MFENEQIIRM,36R4ILE2GAUBVI3T48LAQUSF1ZHFHX,Truck Tracker menu copying,This task is to copy down menu items and prices from the given pictures,"food truck, menu, price, food",$0.00 ,Thu Apr 18 16:17:15 PDT 2019,5,BatchId:234762;OriginalHitTemplateId:920937243;,1800,259200,Tue Apr 23 16:17:15 PDT 2019,,,33FBRBDW6PQUWN716C1O9FG3H4YC8H,A31BYUGRYXVLJL,Approved,Tue Apr 23 13:10:01 PDT 2019,Tue Apr 23 13:11:54 PDT 2019,Fri Apr 26 13:11:54 PDT 2019,2019-04-26 20:12:07 UTC,,,113,100% (3/3),100% (3/3),100% (3/3),https://s3.amazonaws.com/nets213images/bui_s_2.jpg,bui,Mr. Bui,None,None,None,None,None,None,None,None,None,None,Mrs. Bui,None,None,None,None,None,None,None,None,None,None,Mix Veggie,None,"Pepperoni, Eggs and Cheese",Hangover Special,Bacon Egg Salad,Turkey Bacon BLT,Pepperoni Pizza Steak,Double Turkey Hoagie,7,0,0,0,0,0,0,0,0,0,0,7,0,0,0,0,0,0,0,0,0,0,5,0,4.75,6.5,6,6,7.5,6.5,bui,,
3MZ3TAMYTLEP4BB37TY9MFENEQIIRM,36R4ILE2GAUBVI3T48LAQUSF1ZHFHX,Truck Tracker menu copying,This task is to copy down menu items and prices from the given pictures,"food truck, menu, price, food",$0.00 ,Thu Apr 18 16:17:15 PDT 2019,5,BatchId:234762;OriginalHitTemplateId:920937243;,1800,259200,Tue Apr 23 16:17:15 PDT 2019,,,3EO896NRAXM02L5VJ2T5NFPLL1QTJZ,APICU54PD3JZF,Approved,Tue Apr 23 05:26:49 PDT 2019,Tue Apr 23 05:30:22 PDT 2019,Fri Apr 26 05:30:22 PDT 2019,2019-04-26 12:31:07 UTC,,,213,100% (6/6),100% (6/6),100% (6/6),https://s3.amazonaws.com/nets213images/bui_s_2.jpg,bui,Mr. Bui,None,None,None,None,None,None,None,None,None,None,Mrs. Bui,None,None,None,None,None,None,None,None,None,None,Mix Veggie,None,"Pepperoni, Eggs & Cheese",Hangover Special,Bacon Egg Salad,Turkey Bacon B.L.T,Pepperoni Pizza Steak,Double Turkey Hoagie,7,0,0,0,0,0,0,0,0,0,0,7,0,0,0,0,0,0,0,0,0,0,5,0,4.75,6.75,6,6,7.5,6.5,bui,,
3MZ3TAMYTLEP4BB37TY9MFENEQIIRM,36R4ILE2GAUBVI3T48LAQUSF1ZHFHX,Truck Tracker menu copying,This task is to copy down menu items and prices from the given pictures,"food truck, menu, price, food",$0.00 ,Thu Apr 18 16:17:15 PDT 2019,5,BatchId:234762;OriginalHitTemplateId:920937243;,1800,259200,Tue Apr 23 16:17:15 PDT 2019,,,3KXIR214I57GF4SXXGM5GQRC3RP24R,A1HTSCH5NYPS4R,Approved,Tue Apr 23 12:11:38 PDT 2019,Tue Apr 23 12:13:51 PDT 2019,Fri Apr 26 12:13:51 PDT 2019,2019-04-26 19:14:07 UTC,,,133,100% (6/6),100% (6/6),100% (6/6),https://s3.amazonaws.com/nets213images/bui_s_2.jpg,bui,Mr. Bui,None,None,None,None,None,None,None,None,None,None,Mrs. Bui,None,None,None,None,None,None,None,None,None,None,Mix Veggie,None,Pepperoni eggs & cheese,Hangover Special,Bacon Egg Salad,Turkey Bacon B.L.T,Pepperoni Pizza Steak,Double Turkey Hoagie,7,0,0,0,0,0,0,0,0,0,0,5,0,0,0,0,0,0,0,0,0,0,5,0,4.75,6.5,6,6,7.5,6.5,bui,,
3MZ3TAMYTLEP4BB37TY9MFENEQIIRM,36R4ILE2GAUBVI3T48LAQUSF1ZHFHX,Truck Tracker menu copying,This task is to copy down menu items and prices from the given pictures,"food truck, menu, price, food",$0.00 ,Thu Apr 18 16:17:15 PDT 2019,5,BatchId:234762;OriginalHitTemplateId:920937243;,1800,259200,Tue Apr 23 16:17:15 PDT 2019,,,3V5Q80FXIYIVX89TX2HM6LZ6PRT327,A2Y5XC6F1BYXS3,Approved,Tue Apr 23 12:28:19 PDT 2019,Tue Apr 23 12:31:20 PDT 2019,Fri Apr 26 12:31:20 PDT 2019,2019-04-26 19:32:07 UTC,,,181,100% (5/5),100% (5/5),100% (5/5),https://s3.amazonaws.com/nets213images/bui_s_2.jpg,bui,Mr. Bui,None,None,None,None,None,None,None,None,None,None,Mrs. Bui,None,None,None,None,None,None,None,None,None,None,Mix Veggie,None,"Pepperoni, eggs, and cheese",Hangover Special,Bacon Egg Salad,Turkey Bacon B L T,Pepperoni Pizza Steak,Double Turkey Hoagie,7,0,0,0,0,0,0,0,0,0,0,7,0,0,0,0,0,0,0,0,0,0,5,0,4.75,6.5,6,6,7.5,6.5,bui,,
3MZ3TAMYTLEP4BB37TY9MFENEQIIRM,36R4ILE2GAUBVI3T48LAQUSF1ZHFHX,Truck Tracker menu copying,This task is to copy down menu items and prices from the given pictures,"food truck, menu, price, food",$0.00 ,Thu Apr 18 16:17:15 PDT 2019,5,BatchId:234762;OriginalHitTemplateId:920937243;,1800,259200,Tue Apr 23 16:17:15 PDT 2019,,,3X65QVEQI1EPBURK01ASEK2914XCL3,A2AR3VBIMNRRJJ,Approved,Tue Apr 23 13:26:15 PDT 2019,Tue Apr 23 13:29:29 PDT 2019,Fri Apr 26 13:29:29 PDT 2019,2019-04-26 20:30:07 UTC,,,194,100% (2/2),100% (2/2),100% (2/2),https://s3.amazonaws.com/nets213images/bui_s_2.jpg,bui,Mr. BUI,None,None,None,None,None,None,None,None,None,None,Mrs. BUI,None,None,None,None,None,None,None,None,None,None,Mix VEGGIE,None,PEPPERONI EGGS & CHEESE,HANGOVER SPECIAL,BACON EGG SALAD,TURKEY BACON B . L . T .,PEPPERONI PIZZA STEAK,DOUBLE TURKEY HOAGIE,7,0,0,0,0,0,0,0,0,0,0,7,0,0,0,0,0,0,0,0,0,0,5,0,4.75,6.5,6,6,7.5,6.5,bui,,
3WA2XVDZEM8K2NBXJM5KQ5PZQAXE6B,36R4ILE2GAUBVI3T48LAQUSF1ZHFHX,Truck Tracker menu copying,This task is to copy down menu items and prices from the given pictures,"food truck, menu, price, food",$0.00 ,Thu Apr 18 16:17:15 PDT 2019,5,BatchId:234762;OriginalHitTemplateId:920937243;,1800,259200,Tue Apr 23 16:17:15 PDT 2019,,,345LHZDEDYJ4HKIVGMRSC4UY8ID3UQ,A28LAIEVP9TTBA,Approved,Tue Apr 23 13:02:36 PDT 2019,Tue Apr 23 13:07:50 PDT 2019,Fri Apr 26 13:07:50 PDT 2019,2019-04-26 20:08:07 UTC,,,314,100% (1/1),100% (1/1),100% (1/1),https://s3.amazonaws.com/nets213images/halal_1.jpg,halal,Chicken over Rice,Combo Salad,Shrimp Salad,Fish Salad,Kabab Salad,Falafel Salad,None,None,None,None,None,Lamb over Rice,None,None,None,None,None,None,None,None,None,None,Combo Platter,None,Falafel over Rice,Fish over Rice,Shrimp over Rice,Kabab over Rice,Chicken Salad,Lamb Salad,$6.00 ,$6.00 ,$6.00 ,$6.00 ,$6.00 ,$6.00 ,0,0,0,0,0,$6.00 ,0,0,0,0,0,0,0,0,0,0,$6.00 ,0,$6.00 ,$6.00 ,$6.00 ,$6.00 ,$6.00 ,$6.00 ,halal,,
3WA2XVDZEM8K2NBXJM5KQ5PZQAXE6B,36R4ILE2GAUBVI3T48LAQUSF1ZHFHX,Truck Tracker menu copying,This task is to copy down menu items and prices from the given pictures,"food truck, menu, price, food",$0.00 ,Thu Apr 18 16:17:15 PDT 2019,5,BatchId:234762;OriginalHitTemplateId:920937243;,1800,259200,Tue Apr 23 16:17:15 PDT 2019,,,37U1UTWH9WDY2PWKO9RJYAFPH518RJ,A2V5EHWCQVEH9K,Approved,Tue Apr 23 12:34:48 PDT 2019,Tue Apr 23 12:36:19 PDT 2019,Fri Apr 26 12:36:19 PDT 2019,2019-04-26 19:37:07 UTC,,,91,100% (4/4),100% (4/4),100% (4/4),https://s3.amazonaws.com/nets213images/halal_1.jpg,halal,Chicken over Rice,Combo Salad,Shrimp Salad,Fish Salad,Kabab Salad,Falafel Salad,None,None,None,None,None,Lamb over Rice,None,None,None,None,None,None,None,None,None,None,Combo Platter,None,Falafel over Rice,Fish over Rice,Shrimp over Rice,Kabab over Rice,Chicken Salad,Lamb Salad,6,6,6,6,6,6,0,0,0,0,0,6,0,0,0,0,0,0,0,0,0,0,6,0,6,6,6,6,6,6,halal,,
3WA2XVDZEM8K2NBXJM5KQ5PZQAXE6B,36R4ILE2GAUBVI3T48LAQUSF1ZHFHX,Truck Tracker menu copying,This task is to copy down menu items and prices from the given pictures,"food truck, menu, price, food",$0.00 ,Thu Apr 18 16:17:15 PDT 2019,5,BatchId:234762;OriginalHitTemplateId:920937243;,1800,259200,Tue Apr 23 16:17:15 PDT 2019,,,3LUY3GC630R9QYBM1CVOFFJF535P7J,APICU54PD3JZF,Approved,Tue Apr 23 05:43:26 PDT 2019,Tue Apr 23 05:45:31 PDT 2019,Fri Apr 26 05:45:31 PDT 2019,2019-04-26 12:46:07 UTC,,,125,100% (6/6),100% (6/6),100% (6/6),https://s3.amazonaws.com/nets213images/halal_1.jpg,halal,Chicken over rice,Combo Salad,Shrimp Salad,Fish salad,Kabab salad,Falafel salad,None,None,None,None,None,Lamb over rice,None,None,None,None,None,None,None,None,None,None,Combo platter,None,Falafel over rice,Fish over rice,Shrimp over rice,Kabab over rice,Chicken Salad,Lamb Salad,6,6,6,6,6,6,0,0,0,0,0,6,0,0,0,0,0,0,0,0,0,0,6,0,6,6,6,6,6,6,halal,,
3WA2XVDZEM8K2NBXJM5KQ5PZQAXE6B,36R4ILE2GAUBVI3T48LAQUSF1ZHFHX,Truck Tracker menu copying,This task is to copy down menu items and prices from the given pictures,"food truck, menu, price, food",$0.00 ,Thu Apr 18 16:17:15 PDT 2019,5,BatchId:234762;OriginalHitTemplateId:920937243;,1800,259200,Tue Apr 23 16:17:15 PDT 2019,,,3NAPMVF0ZX6DYRAGZEKCJ2BMUTF27B,A1HTSCH5NYPS4R,Approved,Tue Apr 23 12:13:51 PDT 2019,Tue Apr 23 12:15:57 PDT 2019,Fri Apr 26 12:15:57 PDT 2019,2019-04-26 19:16:07 UTC,,,126,100% (6/6),100% (6/6),100% (6/6),https://s3.amazonaws.com/nets213images/halal_1.jpg,halal,Chicken over Rice,Combo Salad,Shrimp Salad,Fish Salad,Kabab Salad,Falafel Salad,None,None,None,None,None,Lamb over Rice,None,None,None,None,None,None,None,None,None,None,Combo Platter,None,Falafel over Rice,Fish over Rice,Shrimp over Rice,Kabab over Rice,Chicken Salad,Lamb Salad,6,6,6,6,6,6,0,0,0,0,0,6,0,0,0,0,0,0,0,0,0,0,6,0,6,6,6,6,6,6,halal,,
3WA2XVDZEM8K2NBXJM5KQ5PZQAXE6B,36R4ILE2GAUBVI3T48LAQUSF1ZHFHX,Truck Tracker menu copying,This task is to copy down menu items and prices from the given pictures,"food truck, menu, price, food",$0.00 ,Thu Apr 18 16:17:15 PDT 2019,5,BatchId:234762;OriginalHitTemplateId:920937243;,1800,259200,Tue Apr 23 16:17:15 PDT 2019,,,3WAKVUDHUX7MI3JIIYUIPL6EDKZ7UZ,A2XA9NIUUIGUGM,Approved,Tue Apr 23 12:23:34 PDT 2019,Tue Apr 23 12:33:37 PDT 2019,Fri Apr 26 12:33:37 PDT 2019,2019-04-26 19:34:07 UTC,,,603,100% (4/4),100% (4/4),100% (4/4),https://s3.amazonaws.com/nets213images/halal_1.jpg,halal,Chicken over Rice,Combo Salad,Shrimp Salad,Fish Salad,Kabab Salad,Falafel Salad,None,None,None,None,None,Lamb over Rice,None,None,None,None,None,None,None,None,None,None,Combo Platter,None,Falafel over Rice,Fish over Rice,Shrimp over Rice,Kabab over Rice,Chicken Salad,Lamb Salad,6,6,6,6,6,6,0,0,0,0,0,6,0,0,0,0,0,0,0,0,0,0,6,0,6,6,6,6,6,6,halal,,
38Z7YZ2SB3TPSAW3UE99HP4II4GIQL,36R4ILE2GAUBVI3T48LAQUSF1ZHFHX,Truck Tracker menu copying,This task is to copy down menu items and prices from the given pictures,"food truck, menu, price, food",$0.00 ,Thu Apr 18 16:17:15 PDT 2019,5,BatchId:234762;OriginalHitTemplateId:920937243;,1800,259200,Tue Apr 23 16:17:15 PDT 2019,,,33L7PJKHCHPBI49CSYWEYPG75QY8TW,A2XA9NIUUIGUGM,Approved,Tue Apr 23 12:35:52 PDT 2019,Tue Apr 23 12:38:47 PDT 2019,Fri Apr 26 12:38:47 PDT 2019,2019-04-26 19:39:07 UTC,,,175,100% (4/4),100% (4/4),100% (4/4),https://s3.amazonaws.com/nets213images/halal_2.jpg,halal,Chicken Gyro,None,None,None,None,None,None,None,None,None,None,Lamb Gyro,None,None,None,None,None,None,None,None,None,None,Combo Gyro,None,Falafel Sandwich,Fish Gyro,Shrimp Gyro,Kabab Gyro,None,None,5,0,0,0,0,0,0,0,0,0,0,5,0,0,0,0,0,0,0,0,0,0,5,0,5,5,5,5,0,0,halal,,
38Z7YZ2SB3TPSAW3UE99HP4II4GIQL,36R4ILE2GAUBVI3T48LAQUSF1ZHFHX,Truck Tracker menu copying,This task is to copy down menu items and prices from the given pictures,"food truck, menu, price, food",$0.00 ,Thu Apr 18 16:17:15 PDT 2019,5,BatchId:234762;OriginalHitTemplateId:920937243;,1800,259200,Tue Apr 23 16:17:15 PDT 2019,,,3BQU611VFQBSCUJ8ZKXB7LA6VPD99M,A2Y5XC6F1BYXS3,Approved,Tue Apr 23 12:49:54 PDT 2019,Tue Apr 23 12:51:10 PDT 2019,Fri Apr 26 12:51:10 PDT 2019,2019-04-26 19:52:07 UTC,,,76,100% (5/5),100% (5/5),100% (5/5),https://s3.amazonaws.com/nets213images/halal_2.jpg,halal,Chicken Gyro,None,None,None,None,None,None,None,None,None,None,Lamb Gyro,None,None,None,None,None,None,None,None,None,None,Combo Gyro,None,Falafel Sandwich,Fish Gyro,Shrimp Gyro,Kabab Gyro,None,None,5,0,0,0,0,0,0,0,0,0,0,5,0,0,0,0,0,0,0,0,0,0,5,0,5,5,5,5,0,0,halal,,
38Z7YZ2SB3TPSAW3UE99HP4II4GIQL,36R4ILE2GAUBVI3T48LAQUSF1ZHFHX,Truck Tracker menu copying,This task is to copy down menu items and prices from the given pictures,"food truck, menu, price, food",$0.00 ,Thu Apr 18 16:17:15 PDT 2019,5,BatchId:234762;OriginalHitTemplateId:920937243;,1800,259200,Tue Apr 23 16:17:15 PDT 2019,,,3C44YUNSI2GP77CWSPYAF7TBRE8PDC,APICU54PD3JZF,Approved,Tue Apr 23 05:45:46 PDT 2019,Tue Apr 23 05:46:51 PDT 2019,Fri Apr 26 05:46:51 PDT 2019,2019-04-26 12:47:07 UTC,,,65,100% (6/6),100% (6/6),100% (6/6),https://s3.amazonaws.com/nets213images/halal_2.jpg,halal,Chicken Gyro,None,None,None,None,None,None,None,None,None,None,Lamb gyro,None,None,None,None,None,None,None,None,None,None,Combo gyro,None,Falafel sandwich,Fish gyro,Shrimp gyro,Kabab gyro,None,None,5,0,0,0,0,0,0,0,0,0,0,5,0,0,0,0,0,0,0,0,0,0,5,0,5,5,5,5,0,0,halal,,
38Z7YZ2SB3TPSAW3UE99HP4II4GIQL,36R4ILE2GAUBVI3T48LAQUSF1ZHFHX,Truck Tracker menu copying,This task is to copy down menu items and prices from the given pictures,"food truck, menu, price, food",$0.00 ,Thu Apr 18 16:17:15 PDT 2019,5,BatchId:234762;OriginalHitTemplateId:920937243;,1800,259200,Tue Apr 23 16:17:15 PDT 2019,,,3IXQG4FA2UPB0NY5X4B7YR5WJPGB9Y,A2V5EHWCQVEH9K,Approved,Tue Apr 23 12:36:32 PDT 2019,Tue Apr 23 12:37:37 PDT 2019,Fri Apr 26 12:37:37 PDT 2019,2019-04-26 19:38:07 UTC,,,65,100% (4/4),100% (4/4),100% (4/4),https://s3.amazonaws.com/nets213images/halal_2.jpg,halal,Chicken Gyro,None,None,None,None,None,None,None,None,None,None,Lamb Gyro,None,None,None,None,None,None,None,None,None,None,Combo Gyro,None,Falafel Sandwich,Fish Gyro,Shrimp Gyro,Kabab Gyro,None,None,5,0,0,0,0,0,0,0,0,0,0,5,0,0,0,0,0,0,0,0,0,0,5,0,5,5,5,5,0,0,halal,,
38Z7YZ2SB3TPSAW3UE99HP4II4GIQL,36R4ILE2GAUBVI3T48LAQUSF1ZHFHX,Truck Tracker menu copying,This task is to copy down menu items and prices from the given pictures,"food truck, menu, price, food",$0.00 ,Thu Apr 18 16:17:15 PDT 2019,5,BatchId:234762;OriginalHitTemplateId:920937243;,1800,259200,Tue Apr 23 16:17:15 PDT 2019,,,3XXU1SWE8NMOLJ50RUSIA5KXY31A0Q,A1HTSCH5NYPS4R,Approved,Tue Apr 23 12:15:57 PDT 2019,Tue Apr 23 12:16:43 PDT 2019,Fri Apr 26 12:16:43 PDT 2019,2019-04-26 19:17:07 UTC,,,46,100% (6/6),100% (6/6),100% (6/6),https://s3.amazonaws.com/nets213images/halal_2.jpg,halal,Chicken Gyro,None,None,None,None,None,None,None,None,None,None,Lamb Gyro,None,None,None,None,None,None,None,None,None,None,Combo Gyro,None,Falafel Sandwich,Fish Gyro,Shrimp Gyro,Kabab Gyro,None,None,5,0,0,0,0,0,0,0,0,0,0,5,0,0,0,0,0,0,0,0,0,0,5,0,5,5,5,5,0,0,halal,,
3OB6JN3A9QGB0U1US8W1E8L4VZ2MR6,36R4ILE2GAUBVI3T48LAQUSF1ZHFHX,Truck Tracker menu copying,This task is to copy down menu items and prices from the given pictures,"food truck, menu, price, food",$0.00 ,Thu Apr 18 16:17:15 PDT 2019,5,BatchId:234762;OriginalHitTemplateId:920937243;,1800,259200,Tue Apr 23 16:17:15 PDT 2019,,,30BUDKLTXEMQ638D450GNJ6F0QA5E1,A2Y5XC6F1BYXS3,Approved,Tue Apr 23 12:24:45 PDT 2019,Tue Apr 23 12:28:07 PDT 2019,Fri Apr 26 12:28:07 PDT 2019,2019-04-26 19:29:07 UTC,,,202,100% (5/5),100% (5/5),100% (5/5),https://s3.amazonaws.com/nets213images/lovash.jpg,lovash,Vegetable Samosa,Chicken Bihari,Chicken Kebab,None,None,None,None,None,None,None,None,Aloo Tikki Chhole,None,None,None,None,None,None,None,None,None,None,Lovash Daal (Vegan),None,Patta Gobi,Chana Masala,Vegetable Curry,Mutter Paneer,Chicken Tikka Masala,"Keema, Potato",1.5,6,7,0,0,0,0,0,0,0,0,5,0,0,0,0,0,0,0,0,0,0,5,0,5,5,5,5,6,6,lovash,,
3OB6JN3A9QGB0U1US8W1E8L4VZ2MR6,36R4ILE2GAUBVI3T48LAQUSF1ZHFHX,Truck Tracker menu copying,This task is to copy down menu items and prices from the given pictures,"food truck, menu, price, food",$0.00 ,Thu Apr 18 16:17:15 PDT 2019,5,BatchId:234762;OriginalHitTemplateId:920937243;,1800,259200,Tue Apr 23 16:17:15 PDT 2019,,,3FTF2T8WLS93OQWGSV73L5IHTQY9WC,A2AR3VBIMNRRJJ,Approved,Tue Apr 23 13:19:45 PDT 2019,Tue Apr 23 13:26:10 PDT 2019,Fri Apr 26 13:26:10 PDT 2019,2019-04-26 20:27:07 UTC,,,385,100% (2/2),100% (2/2),100% (2/2),https://s3.amazonaws.com/nets213images/lovash.jpg,lovash,Vegetable Samosa,Chicken Bihari,Chicken Kebab,None,None,None,None,None,None,None,None,Aloo Tikki Chhole,None,None,None,None,None,None,None,None,None,None,Lovash Daal (Vegan ),None,Patta Gobi,Chana Masala,Vegetable Curry,Mutter Paneer,Chicken Tikka Masala,"Kuma, Potato",1.5,6 or 7,7 or 8,0,0,0,0,0,0,0,0,5 or 6,0,0,0,0,0,0,0,0,0,0,5 or 6,0,5 or 6,5 or 6,5 or 6,5 or 6,6 or 7,6 or 7,lovash,,
3OB6JN3A9QGB0U1US8W1E8L4VZ2MR6,36R4ILE2GAUBVI3T48LAQUSF1ZHFHX,Truck Tracker menu copying,This task is to copy down menu items and prices from the given pictures,"food truck, menu, price, food",$0.00 ,Thu Apr 18 16:17:15 PDT 2019,5,BatchId:234762;OriginalHitTemplateId:920937243;,1800,259200,Tue Apr 23 16:17:15 PDT 2019,,,3T111IHZ5FHYGUFUT1XXY6A01BJ9R9,A31BYUGRYXVLJL,Approved,Tue Apr 23 13:12:32 PDT 2019,Tue Apr 23 13:16:29 PDT 2019,Fri Apr 26 13:16:29 PDT 2019,2019-04-26 20:17:07 UTC,,,237,100% (3/3),100% (3/3),100% (3/3),https://s3.amazonaws.com/nets213images/lovash.jpg,lovash,Vegetable Samosa,Chicken Kebab Small,Aloo Tikki Chhole Large,Lovash Daal Large,Patta Gobi Large,Chana Masala Large,Vegetable Curry Large,Mutter Paneer Large,Chicken Tikka Masala Large,"Kurma, Potato Large",Chicken Bihari,Aloo Tikki Chhole Small,Chicken Kebab,None,None,None,None,None,None,None,None,None,Patta Gobi Small,None,Chana Masala Small,Vegetable Curry Small,Mutter Paneer Small,Chicken Tikka Masala,"Kurma, Potato Small",Chicken Bihari Small,1.5,7,6,6,6,6,6,6,7,7,7,5,8,0,0,0,0,0,0,0,0,0,5,0,5,5,5,6,6,6,lovash,,
3OB6JN3A9QGB0U1US8W1E8L4VZ2MR6,36R4ILE2GAUBVI3T48LAQUSF1ZHFHX,Truck Tracker menu copying,This task is to copy down menu items and prices from the given pictures,"food truck, menu, price, food",$0.00 ,Thu Apr 18 16:17:15 PDT 2019,5,BatchId:234762;OriginalHitTemplateId:920937243;,1800,259200,Tue Apr 23 16:17:15 PDT 2019,,,3ZSY5X72NY21NHJ0VQGFVW5PWA3OR0,APICU54PD3JZF,Approved,Tue Apr 23 05:30:33 PDT 2019,Tue Apr 23 05:33:49 PDT 2019,Fri Apr 26 05:33:49 PDT 2019,2019-04-26 12:34:07 UTC,,,196,100% (6/6),100% (6/6),100% (6/6),https://s3.amazonaws.com/nets213images/lovash.jpg,lovash,Vegetable Samosa,Chichen Bihari,Chicken Kebab,None,None,None,None,None,None,None,None,Aloo Tikki Chhole,None,None,None,None,None,None,None,None,None,None,Lovash Daal (Vegan),None,Patta Gobi,Chana Masala,Vegetable Curry,Mutter Paneer,Chicken Tikka Masala,"Keema, potato",1.5,6,7,0,0,0,0,0,0,0,0,5,0,0,0,0,0,0,0,0,0,0,5,0,5,5,5,5,6,6,lovash,,
3TD33TP5DLTNIMBGZ8K652L0JWABAY,36R4ILE2GAUBVI3T48LAQUSF1ZHFHX,Truck Tracker menu copying,This task is to copy down menu items and prices from the given pictures,"food truck, menu, price, food",$0.00 ,Thu Apr 18 16:17:15 PDT 2019,5,BatchId:234762;OriginalHitTemplateId:920937243;,1800,259200,Tue Apr 23 16:17:15 PDT 2019,,,3AQF3RZ5599EVL8N4ZURX75F8MS6FS,A32TTE4XXN6MQZ,Approved,Sun Apr 21 15:50:36 PDT 2019,Sun Apr 21 15:52:25 PDT 2019,Wed Apr 24 15:52:25 PDT 2019,2019-04-24 22:53:07 UTC,,,109,100% (1/1),100% (1/1),100% (1/1),https://s3.amazonaws.com/nets213images/tacos_don_memo.jpg,tocos_don_memo,Burrito,None,None,None,None,None,None,None,None,None,None,Tacos,None,None,None,None,None,None,None,None,None,None,Torta,None,Torta Cubana,Tostada,Quesadilla,None,None,None,$7 ,0,0,0,0,0,0,0,0,0,0,$2.5 each or 3 for $7,0,0,0,0,0,0,0,0,0,0,$7 ,0,$9 ,$3 ,$7 ,0,0,0,tocos_don_memo,,
3TD33TP5DLTNIMBGZ8K652L0JWABAY,36R4ILE2GAUBVI3T48LAQUSF1ZHFHX,Truck Tracker menu copying,This task is to copy down menu items and prices from the given pictures,"food truck, menu, price, food",$0.00 ,Thu Apr 18 16:17:15 PDT 2019,5,BatchId:234762;OriginalHitTemplateId:920937243;,1800,259200,Tue Apr 23 16:17:15 PDT 2019,,,3GA6AFUKOPFZCYCBGNKTTP58EAB3HP,A2XA9NIUUIGUGM,Approved,Tue Apr 23 12:33:41 PDT 2019,Tue Apr 23 12:35:35 PDT 2019,Fri Apr 26 12:35:35 PDT 2019,2019-04-26 19:36:07 UTC,,,114,100% (4/4),100% (4/4),100% (4/4),https://s3.amazonaws.com/nets213images/tacos_don_memo.jpg,tocos_don_memo,Burrito,None,None,None,None,None,None,None,None,None,None,2 Tacos,None,None,None,None,None,None,None,None,None,None,3 Tacos,None,Torta,Torta Cubana,Tostada,Quesadilla,None,None,7,0,0,0,0,0,0,0,0,0,0,5,0,0,0,0,0,0,0,0,0,0,7,0,7,9,3,7,0,0,tocos_don_memo,,
3TD33TP5DLTNIMBGZ8K652L0JWABAY,36R4ILE2GAUBVI3T48LAQUSF1ZHFHX,Truck Tracker menu copying,This task is to copy down menu items and prices from the given pictures,"food truck, menu, price, food",$0.00 ,Thu Apr 18 16:17:15 PDT 2019,5,BatchId:234762;OriginalHitTemplateId:920937243;,1800,259200,Tue Apr 23 16:17:15 PDT 2019,,,3IOEN3P9S8AN56EFX0F6851L7CH16U,A2Y5XC6F1BYXS3,Approved,Tue Apr 23 12:48:18 PDT 2019,Tue Apr 23 12:49:37 PDT 2019,Fri Apr 26 12:49:37 PDT 2019,2019-04-26 19:50:07 UTC,,,79,100% (5/5),100% (5/5),100% (5/5),https://s3.amazonaws.com/nets213images/tacos_don_memo.jpg,tocos_don_memo,Burrito,None,None,None,None,None,None,None,None,None,None,Tacos,None,None,None,None,None,None,None,None,None,None,Torta,None,Torta Cubana,Tostada,Quesadilla,None,None,None,7,0,0,0,0,0,0,0,0,0,0,2.5,0,0,0,0,0,0,0,0,0,0,7,0,9,3,7,0,0,0,tocos_don_memo,,
3TD33TP5DLTNIMBGZ8K652L0JWABAY,36R4ILE2GAUBVI3T48LAQUSF1ZHFHX,Truck Tracker menu copying,This task is to copy down menu items and prices from the given pictures,"food truck, menu, price, food",$0.00 ,Thu Apr 18 16:17:15 PDT 2019,5,BatchId:234762;OriginalHitTemplateId:920937243;,1800,259200,Tue Apr 23 16:17:15 PDT 2019,,,3KGTPGBS6YCFW2MCCMDNTUP624D2UE,A1HTSCH5NYPS4R,Approved,Tue Apr 23 12:23:00 PDT 2019,Tue Apr 23 12:27:56 PDT 2019,Fri Apr 26 12:27:56 PDT 2019,2019-04-26 19:28:07 UTC,,,296,100% (6/6),100% (6/6),100% (6/6),https://s3.amazonaws.com/nets213images/tacos_don_memo.jpg,tocos_don_memo,"Burrito (your choice of meat with Mexican rice, beans, avocado, onions, cilantro, lettuce, tomatoes, cheese, and sour cream)",None,None,None,None,None,None,None,None,None,None,Tacos (your choice of meat with onions and cilantro),None,None,None,None,None,None,None,None,None,None,Three Tacos,None,"Torta (with your choice of meat, beans, tomatoes, onions, cheese, lettuce, Jalapeno pickels, avacoda, and mayo)","Torta Cubana (your choice of meat with beans, tomatoes, onions, cheese, lettuce, Jalapeno pickles, avocado, mayo, chorizo, egg, ham and chicken milanesa)","Tostada (your choice of meat with a crispy corn tortilla topped with beans, lettuce, tomatoes, onions, cilantro, sour cream, and cotja cheese)","Quesadilla (your choice of meat with beans, cheese, lettuce, tomatoes, onions, cilantro and sour cream)",None,None,7,0,0,0,0,0,0,0,0,0,0,2.5,0,0,0,0,0,0,0,0,0,0,7,0,7,9,3,7,0,0,tocos_don_memo,,
3TD33TP5DLTNIMBGZ8K652L0JWABAY,36R4ILE2GAUBVI3T48LAQUSF1ZHFHX,Truck Tracker menu copying,This task is to copy down menu items and prices from the given pictures,"food truck, menu, price, food",$0.00 ,Thu Apr 18 16:17:15 PDT 2019,5,BatchId:234762;OriginalHitTemplateId:920937243;,1800,259200,Tue Apr 23 16:17:15 PDT 2019,,,3QILPRALQ6MDNR4SV2A2PQAFG8C8NV,A2V5EHWCQVEH9K,Approved,Tue Apr 23 12:33:47 PDT 2019,Tue Apr 23 12:34:33 PDT 2019,Fri Apr 26 12:34:33 PDT 2019,2019-04-26 19:35:07 UTC,,,46,100% (4/4),100% (4/4),100% (4/4),https://s3.amazonaws.com/nets213images/tacos_don_memo.jpg,tocos_don_memo,Burrito,None,None,None,None,None,None,None,None,None,None,Tacos,None,None,None,None,None,None,None,None,None,None,Torta,None,Torta Cubana,Tostada,Quesadilla,None,None,None,7,0,0,0,0,0,0,0,0,0,0,2.5,0,0,0,0,0,0,0,0,0,0,7,0,9,3,7,0,0,0,tocos_don_memo,,
3OREP8RUT22OSDOJL8CG1OW3HRNGBF,36R4ILE2GAUBVI3T48LAQUSF1ZHFHX,Truck Tracker menu copying,This task is to copy down menu items and prices from the given pictures,"food truck, menu, price, food",$0.00 ,Thu Apr 18 16:17:15 PDT 2019,5,BatchId:234762;OriginalHitTemplateId:920937243;,1800,259200,Tue Apr 23 16:17:15 PDT 2019,,,33CID57105K1YUV178ZRLHYFVRK3LW,A2XA9NIUUIGUGM,Approved,Tue Apr 23 12:38:47 PDT 2019,Tue Apr 23 12:44:42 PDT 2019,Fri Apr 26 12:44:42 PDT 2019,2019-04-26 19:45:07 UTC,,,355,100% (4/4),100% (4/4),100% (4/4),https://s3.amazonaws.com/nets213images/troy.jpg,troy,Chicken Doner Kebab,Beef Doner Over Fries,Combo Doner Over Fries,Chicken Doner Kebab Sandwich,Beef Doner Kebab Sandwich,Falafel,Extra Meat,Extra Pita,Soda,None,None,Beef Doner Kebab,None,None,None,None,None,None,None,None,None,None,Iskender Doner Kebab,None,Falafel Platter,Combo Platter,Hummus & Pita,Hummus & Falafel Pita,Homemade Fries,Chicken Doner Over Fries,6,6,6,5,5,5,1,1,1,0,0,6,0,0,0,0,0,0,0,0,0,0,6,0,6,6,4,6,3,6,troy,,
3OREP8RUT22OSDOJL8CG1OW3HRNGBF,36R4ILE2GAUBVI3T48LAQUSF1ZHFHX,Truck Tracker menu copying,This task is to copy down menu items and prices from the given pictures,"food truck, menu, price, food",$0.00 ,Thu Apr 18 16:17:15 PDT 2019,5,BatchId:234762;OriginalHitTemplateId:920937243;,1800,259200,Tue Apr 23 16:17:15 PDT 2019,,,3EKVH9QMEZVTF0BQQRNYJULIG4ID2F,A2V5EHWCQVEH9K,Approved,Tue Apr 23 12:26:28 PDT 2019,Tue Apr 23 12:31:29 PDT 2019,Fri Apr 26 12:31:29 PDT 2019,2019-04-26 19:32:07 UTC,,,301,100% (4/4),100% (4/4),100% (4/4),https://s3.amazonaws.com/nets213images/troy.jpg,troy,Chicken Doner Kebab,Beef Doner Over Fries,Combo Doner Over Fries,Chicken Doner Kebab,Beef Doner Kebab,Falafel,Extra Meat,Extra Pita,Soda,None,None,Beef Doner Kebab,None,None,None,None,None,None,None,None,None,None,Iskender Doner Kebab,None,Falafel Platter,Combo Platter,Hummus & Pita,Hummus & Falafel Pita,Homemade Fries,Chicekn Doner Over Fries,6,6,6,5,5,5,1,1,1,0,0,6,0,0,0,0,0,0,0,0,0,0,6,0,6,6,4,6,3,6,troy,,
3OREP8RUT22OSDOJL8CG1OW3HRNGBF,36R4ILE2GAUBVI3T48LAQUSF1ZHFHX,Truck Tracker menu copying,This task is to copy down menu items and prices from the given pictures,"food truck, menu, price, food",$0.00 ,Thu Apr 18 16:17:15 PDT 2019,5,BatchId:234762;OriginalHitTemplateId:920937243;,1800,259200,Tue Apr 23 16:17:15 PDT 2019,,,3GNCZX450JER909K8F78P6L56BDAPX,A1HTSCH5NYPS4R,Approved,Tue Apr 23 12:27:56 PDT 2019,Tue Apr 23 12:30:34 PDT 2019,Fri Apr 26 12:30:34 PDT 2019,2019-04-26 19:31:07 UTC,,,158,100% (6/6),100% (6/6),100% (6/6),https://s3.amazonaws.com/nets213images/troy.jpg,troy,Chicken Doner Kebab Rice Platter,Beef Doner Troy Pack over Frie,Combo Doner Troy Pack over Frie,Chicken Doner Kebab Wrap,Beef Doner Kebab Wrap,Falafel Wrap,Extra Meat,Extra Pita,Soda,None,None,Beef Doner Kebab Rice Platter,None,None,None,None,None,None,None,None,None,None,Iskender Doner Kebab Rice Platter,None,Falafel Platter Rice Platter,Combo Platter,Hummus and Pita,Hummus and Falafel Pitta,Homemade Fries,Chicken Doner Troy Pack over Fries,6,6,6,5,5,5,1,1,1,0,0,6,0,0,0,0,0,0,0,0,0,0,6,0,6,6,4,6,3,6,troy,,
3OREP8RUT22OSDOJL8CG1OW3HRNGBF,36R4ILE2GAUBVI3T48LAQUSF1ZHFHX,Truck Tracker menu copying,This task is to copy down menu items and prices from the given pictures,"food truck, menu, price, food",$0.00 ,Thu Apr 18 16:17:15 PDT 2019,5,BatchId:234762;OriginalHitTemplateId:920937243;,1800,259200,Tue Apr 23 16:17:15 PDT 2019,,,3S3AMIZX3VW6DI3SNKC4V7U4SVVDCO,A2W264E55JO6V3,Approved,Tue Apr 23 12:29:53 PDT 2019,Tue Apr 23 12:37:03 PDT 2019,Fri Apr 26 12:37:03 PDT 2019,2019-04-26 19:37:07 UTC,,,430,100% (1/1),100% (1/1),100% (1/1),https://s3.amazonaws.com/nets213images/troy.jpg,troy,chicken doner kebab,chicken doner over fries,combo doner over fries,chicken doner kebab,beef doner kebab,falafel,None,None,None,None,None,beef doner kebab,None,None,None,None,None,None,None,None,None,None,iskender doner kebab,None,falafel platter,hummus and pita,hummus and falafel pita,homemade fries,chicken doner over fries,beef doner over fries,6,6,6,5,5,5,0,0,0,0,0,6,0,0,0,0,0,0,0,0,0,0,6,0,6,4,6,3,6,6,troy,,
3OREP8RUT22OSDOJL8CG1OW3HRNGBF,36R4ILE2GAUBVI3T48LAQUSF1ZHFHX,Truck Tracker menu copying,This task is to copy down menu items and prices from the given pictures,"food truck, menu, price, food",$0.00 ,Thu Apr 18 16:17:15 PDT 2019,5,BatchId:234762;OriginalHitTemplateId:920937243;,1800,259200,Tue Apr 23 16:17:15 PDT 2019,,,3U5NZHP4LST6JNHYELH06S89J61PHL,APICU54PD3JZF,Approved,Tue Apr 23 05:47:28 PDT 2019,Tue Apr 23 05:56:05 PDT 2019,Fri Apr 26 05:56:05 PDT 2019,2019-04-26 12:56:07 UTC,,,517,100% (6/6),100% (6/6),100% (6/6),https://s3.amazonaws.com/nets213images/troy.jpg,troy,Chicken doner kebab,Beef doner over fries,Combo doner over fries,Chicken doner kebab wrap,Beef doner kebab wrap,Falafel wrap,Extra meat,Extra pita,Soda,None,None,Beef doner kebab,None,None,None,None,None,None,None,None,None,None,Iskender doner kebab,None,Falafel platter,Combo platter,Hummus & pita,Hummus & falafel pita,Homemade fries,Chicken doner over fries,6,6,6,5,5,5,1,1,1,0,0,6,0,0,0,0,0,0,0,0,0,0,6,0,6,6,4,6,3,6,troy,,